e,m,a,c_h,tau_val,edge_point,ci_lo,ci_hi,ci_excludes_zero
0.2,0.05,0.05,15.0,0.03716814,0.01568,0.00053,0.03099,True
0.2,0.05,0.05,30.0,0.03716814,0.01251,-0.00203,0.02704,False
0.2,0.05,0.05,60.0,0.03716814,0.01414,0.00199,0.02637,True
0.2,0.05,0.125,15.0,0.03716814,0.00949,-0.00342,0.02215,False
0.2,0.05,0.125,30.0,0.03716814,0.00779,-0.004,0.0198,False
0.2,0.05,0.125,60.0,0.03716814,0.00717,-0.00311,0.0175,False
0.2,0.05,0.2,15.0,0.03716814,0.00634,-0.00916,0.02153,False
0.2,0.05,0.2,30.0,0.03716814,0.00637,-0.00841,0.02015,False
0.2,0.05,0.2,60.0,0.03716814,0.00385,-0.00923,0.01577,False
0.2,0.15,0.05,15.0,0.1353211,0.01576,0.00535,0.02556,True
0.2,0.15,0.05,30.0,0.1353211,0.01702,0.00684,0.02622,True
0.2,0.15,0.05,60.0,0.1353211,0.02176,0.01269,0.02997,True
0.2,0.15,0.125,15.0,0.1353211,0.00141,-0.00942,0.01048,False
0.2,0.15,0.125,30.0,0.1353211,0.00554,-0.00291,0.01359,False
0.2,0.15,0.125,60.0,0.1353211,0.00984,0.00284,0.01587,True
0.2,0.15,0.2,15.0,0.1353211,0.00131,-0.00016,0.00298,False
0.2,0.15,0.2,30.0,0.1353211,0.00282,0.00021,0.00549,True
0.2,0.15,0.2,60.0,0.1353211,0.00746,0.00381,0.01105,True
0.2,0.25,0.05,15.0,0.18693009,0.02538,0.0019,0.04638,True
0.2,0.25,0.05,30.0,0.18693009,0.02706,0.00574,0.04748,True
0.2,0.25,0.05,60.0,0.1353211,0.03927,0.01788,0.06001,True
0.2,0.25,0.125,15.0,0.18693009,0.01459,-0.00735,0.0336,False
0.2,0.25,0.125,30.0,0.18693009,0.01112,-0.00692,0.02805,False
0.2,0.25,0.125,60.0,0.1353211,0.02154,0.00238,0.04022,True
0.2,0.25,0.2,15.0,0.18693009,0.00443,-0.01538,0.02377,False
0.2,0.25,0.2,30.0,0.18693009,-0.00081,-0.01836,0.01732,False
0.2,0.25,0.2,60.0,0.1353211,0.02236,0.00197,0.04084,True
0.3,0.05,0.05,15.0,0.03716814,0.02841,0.01189,0.04728,True
0.3,0.05,0.05,30.0,0.03716814,0.02591,0.01032,0.04344,True
0.3,0.05,0.05,60.0,0.03716814,0.02064,0.00655,0.03572,True
0.3,0.05,0.125,15.0,0.03716814,0.00579,-0.01102,0.023,False
0.3,0.05,0.125,30.0,0.03716814,0.00862,-0.00653,0.02341,False
0.3,0.05,0.125,60.0,0.03716814,0.01023,0.00011,0.02193,True
0.3,0.05,0.2,15.0,0.03716814,0.00501,-0.0071,0.01784,False
0.3,0.05,0.2,30.0,0.03716814,0.00438,-0.00635,0.01669,False
0.3,0.05,0.2,60.0,0.03716814,0.00839,-0.00089,0.01744,False
0.3,0.15,0.05,15.0,0.1353211,0.04055,0.02736,0.05262,True
0.3,0.15,0.05,30.0,0.1353211,0.04119,0.02924,0.05248,True
0.3,0.15,0.05,60.0,0.1353211,0.04152,0.03117,0.05086,True
0.3,0.15,0.125,15.0,0.1353211,0.01077,0.0007,0.02087,True
0.3,0.15,0.125,30.0,0.1353211,0.01401,0.00408,0.02385,True
0.3,0.15,0.125,60.0,0.1353211,0.01855,0.00963,0.02689,True
0.3,0.15,0.2,15.0,0.1353211,0.00392,-0.00549,0.01349,False
0.3,0.15,0.2,30.0,0.1353211,0.00582,-0.00315,0.01478,False
0.3,0.15,0.2,60.0,0.1353211,0.01217,0.00434,0.01997,True
0.3,0.25,0.05,15.0,0.18693009,0.05136,0.02785,0.07169,True
0.3,0.25,0.05,30.0,0.18693009,0.04817,0.02599,0.06687,True
0.3,0.25,0.05,60.0,0.1353211,0.05848,0.0365,0.07878,True
0.3,0.25,0.125,15.0,0.18693009,0.01899,-0.00258,0.0377,False
0.3,0.25,0.125,30.0,0.18693009,0.01709,-0.00283,0.03425,False
0.3,0.25,0.125,60.0,0.1353211,0.03476,0.01443,0.05343,True
0.3,0.25,0.2,15.0,0.18693009,0.0089,-0.01002,0.02683,False
0.3,0.25,0.2,30.0,0.18693009,0.00787,-0.01007,0.02432,False
0.3,0.25,0.2,60.0,0.1353211,0.02519,0.00571,0.04236,True
0.4,0.05,0.05,15.0,0.03716814,0.05017,0.03359,0.06808,True
0.4,0.05,0.05,30.0,0.03716814,0.04805,0.03257,0.06442,True
0.4,0.05,0.05,60.0,0.03716814,0.04326,0.02908,0.05818,True
0.4,0.05,0.125,15.0,0.03716814,0.0202,0.00589,0.03559,True
0.4,0.05,0.125,30.0,0.03716814,0.01903,0.00563,0.03353,True
0.4,0.05,0.125,60.0,0.03716814,0.01567,0.00348,0.02896,True
0.4,0.05,0.2,15.0,0.03716814,0.01055,-0.00323,0.02537,False
0.4,0.05,0.2,30.0,0.03716814,0.00746,-0.00591,0.02199,False
0.4,0.05,0.2,60.0,0.03716814,0.00717,-0.00404,0.01903,False
0.4,0.15,0.05,15.0,0.1353211,0.06725,0.04746,0.0862,True
0.4,0.15,0.05,30.0,0.1353211,0.06918,0.05227,0.08455,True
0.4,0.15,0.05,60.0,0.1353211,0.07096,0.05654,0.08318,True
0.4,0.15,0.125,15.0,0.1353211,0.03602,0.02277,0.0498,True
0.4,0.15,0.125,30.0,0.1353211,0.03413,0.02124,0.04666,True
0.4,0.15,0.125,60.0,0.1353211,0.03623,0.02509,0.04675,True
0.4,0.15,0.2,15.0,0.1353211,0.01651,0.00477,0.02778,True
0.4,0.15,0.2,30.0,0.1353211,0.0158,0.00549,0.02583,True
0.4,0.15,0.2,60.0,0.1353211,0.01807,0.00903,0.02684,True
0.4,0.25,0.05,15.0,0.18693009,0.08874,0.06654,0.10838,True
0.4,0.25,0.05,30.0,0.18693009,0.08509,0.0645,0.1037,True
0.4,0.25,0.05,60.0,0.1353211,0.09262,0.07089,0.1128,True
0.4,0.25,0.125,15.0,0.18693009,0.04531,0.0243,0.06197,True
0.4,0.25,0.125,30.0,0.18693009,0.04299,0.0233,0.05859,True
0.4,0.25,0.125,60.0,0.1353211,0.04987,0.02964,0.06709,True
0.4,0.25,0.2,15.0,0.18693009,0.01934,-0.00011,0.03622,False
0.4,0.25,0.2,30.0,0.18693009,0.01816,9e-05,0.03351,True
0.4,0.25,0.2,60.0,0.1353211,0.03184,0.01395,0.0478,True
0.5,0.05,0.05,15.0,0.03716814,0.0741,0.05672,0.09211,True
0.5,0.05,0.05,30.0,0.03716814,0.06913,0.05317,0.08607,True
0.5,0.05,0.05,60.0,0.03716814,0.06386,0.04981,0.07886,True
0.5,0.05,0.125,15.0,0.03716814,0.04158,0.027,0.05732,True
0.5,0.05,0.125,30.0,0.03716814,0.03997,0.0262,0.05487,True
0.5,0.05,0.125,60.0,0.03716814,0.036,0.02344,0.04941,True
0.5,0.05,0.2,15.0,0.03716814,0.02288,0.00997,0.03664,True
0.5,0.05,0.2,30.0,0.03716814,0.02118,0.00914,0.03391,True
0.5,0.05,0.2,60.0,0.03716814,0.02072,0.01011,0.03221,True
0.5,0.15,0.05,15.0,0.1353211,0.09823,0.07642,0.11989,True
0.5,0.15,0.05,30.0,0.1353211,0.09508,0.07462,0.1145,True
0.5,0.15,0.05,60.0,0.1353211,0.09715,0.07998,0.11428,True
0.5,0.15,0.125,15.0,0.1353211,0.06152,0.04191,0.08019,True
0.5,0.15,0.125,30.0,0.1353211,0.05786,0.03958,0.07501,True
0.5,0.15,0.125,60.0,0.1353211,0.05753,0.04104,0.07258,True
0.5,0.15,0.2,15.0,0.1353211,0.02823,0.01218,0.04381,True
0.5,0.15,0.2,30.0,0.1353211,0.0341,0.0193,0.04781,True
0.5,0.15,0.2,60.0,0.1353211,0.04002,0.02686,0.05075,True
0.5,0.25,0.05,15.0,0.18693009,0.12874,0.10459,0.14998,True
0.5,0.25,0.05,30.0,0.18693009,0.1249,0.10252,0.14472,True
0.5,0.25,0.05,60.0,0.1353211,0.13085,0.10906,0.15169,True
0.5,0.25,0.125,15.0,0.18693009,0.07264,0.05371,0.09069,True
0.5,0.25,0.125,30.0,0.18693009,0.07251,0.05478,0.08877,True
0.5,0.25,0.125,60.0,0.1353211,0.08269,0.0638,0.10123,True
0.5,0.25,0.2,15.0,0.18693009,0.04957,0.03054,0.06612,True
0.5,0.25,0.2,30.0,0.18693009,0.04542,0.02707,0.06059,True
0.5,0.25,0.2,60.0,0.1353211,0.05687,0.0396,0.07355,True
0.6,0.05,0.05,15.0,0.03716814,0.09256,0.07362,0.11202,True
0.6,0.05,0.05,30.0,0.03716814,0.08722,0.06968,0.1058,True
0.6,0.05,0.05,60.0,0.03716814,0.07953,0.06401,0.09537,True
0.6,0.05,0.125,15.0,0.03716814,0.05796,0.04096,0.07579,True
0.6,0.05,0.125,30.0,0.03716814,0.05521,0.0385,0.07346,True
0.6,0.05,0.125,60.0,0.03716814,0.05322,0.03913,0.06955,True
0.6,0.05,0.2,15.0,0.03716814,0.03587,0.02425,0.04741,True
0.6,0.05,0.2,30.0,0.03716814,0.03427,0.02364,0.04504,True
0.6,0.05,0.2,60.0,0.03716814,0.03352,0.02374,0.04346,True
0.6,0.15,0.05,15.0,0.1353211,0.13998,0.11412,0.16221,True
0.6,0.15,0.05,30.0,0.1353211,0.13609,0.1113,0.1561,True
0.6,0.15,0.05,60.0,0.1353211,0.12747,0.1051,0.14587,True
0.6,0.15,0.125,15.0,0.1353211,0.08595,0.06488,0.1068,True
0.6,0.15,0.125,30.0,0.1353211,0.08483,0.06481,0.10407,True
0.6,0.15,0.125,60.0,0.1353211,0.08439,0.06683,0.10113,True
0.6,0.15,0.2,15.0,0.1353211,0.05936,0.04073,0.07716,True
0.6,0.15,0.2,30.0,0.1353211,0.05831,0.04168,0.07571,True
0.6,0.15,0.2,60.0,0.1353211,0.05792,0.0437,0.0743,True
0.6,0.25,0.05,15.0,0.18693009,0.16773,0.14272,0.19012,True
0.6,0.25,0.05,30.0,0.18693009,0.16267,0.13983,0.18364,True
0.6,0.25,0.05,60.0,0.1353211,0.17057,0.14824,0.19192,True
0.6,0.25,0.125,15.0,0.18693009,0.11136,0.09056,0.13086,True
0.6,0.25,0.125,30.0,0.18693009,0.10827,0.08809,0.12601,True
0.6,0.25,0.125,60.0,0.1353211,0.11579,0.09682,0.13446,True
0.6,0.25,0.2,15.0,0.18693009,0.07497,0.05643,0.09248,True
0.6,0.25,0.2,30.0,0.18693009,0.07266,0.05576,0.08832,True
0.6,0.25,0.2,60.0,0.1353211,0.08288,0.06622,0.10073,True
0.775,0.05,0.05,15.0,0.03716814,0.14954,0.12624,0.17523,True
0.775,0.05,0.05,30.0,0.03716814,0.14196,0.12048,0.16528,True
0.775,0.05,0.05,60.0,0.03716814,0.12991,0.11087,0.15103,True
0.775,0.05,0.125,15.0,0.03716814,0.1061,0.08659,0.12874,True
0.775,0.05,0.125,30.0,0.03716814,0.10052,0.08215,0.1213,True
0.775,0.05,0.125,60.0,0.03716814,0.09414,0.07832,0.11274,True
0.775,0.05,0.2,15.0,0.03716814,0.07533,0.061,0.09126,True
0.775,0.05,0.2,30.0,0.03716814,0.07298,0.05945,0.08813,True
0.775,0.05,0.2,60.0,0.03716814,0.06752,0.05507,0.08075,True
0.775,0.15,0.05,15.0,0.1353211,0.2224,0.19455,0.24836,True
0.775,0.15,0.05,30.0,0.1353211,0.21678,0.19069,0.24105,True
0.775,0.15,0.05,60.0,0.1353211,0.20785,0.18447,0.22897,True
0.775,0.15,0.125,15.0,0.1353211,0.15424,0.13031,0.17743,True
0.775,0.15,0.125,30.0,0.1353211,0.14837,0.1258,0.16948,True
0.775,0.15,0.125,60.0,0.1353211,0.14719,0.12612,0.16743,True
0.775,0.15,0.2,15.0,0.1353211,0.11698,0.09451,0.13878,True
0.775,0.15,0.2,30.0,0.1353211,0.11383,0.09266,0.13367,True
0.775,0.15,0.2,60.0,0.1353211,0.11138,0.09213,0.12911,True
0.775,0.25,0.05,15.0,0.18693009,0.24326,0.2133,0.26872,True
0.775,0.25,0.05,30.0,0.18693009,0.23767,0.20972,0.262,True
0.775,0.25,0.05,60.0,0.1353211,0.2408,0.21435,0.26271,True
0.775,0.25,0.125,15.0,0.18693009,0.17418,0.14787,0.19727,True
0.775,0.25,0.125,30.0,0.18693009,0.16871,0.14368,0.1908,True
0.775,0.25,0.125,60.0,0.1353211,0.18051,0.15697,0.20043,True
0.775,0.25,0.2,15.0,0.18693009,0.1268,0.10586,0.14696,True
0.775,0.25,0.2,30.0,0.18693009,0.12013,0.10006,0.1385,True
0.775,0.25,0.2,60.0,0.1353211,0.13153,0.11219,0.14974,True
0.95,0.05,0.05,15.0,0.03716814,0.22932,0.20352,0.25677,True
0.95,0.05,0.05,30.0,0.03716814,0.2197,0.1948,0.24575,True
0.95,0.05,0.05,60.0,0.03716814,0.20293,0.17974,0.22597,True
0.95,0.05,0.125,15.0,0.03716814,0.17918,0.15743,0.20223,True
0.95,0.05,0.125,30.0,0.03716814,0.17052,0.15058,0.19239,True
0.95,0.05,0.125,60.0,0.03716814,0.15767,0.13996,0.17785,True
0.95,0.05,0.2,15.0,0.03716814,0.14429,0.12601,0.16579,True
0.95,0.05,0.2,30.0,0.03716814,0.13783,0.12061,0.15726,True
0.95,0.05,0.2,60.0,0.03716814,0.13396,0.11688,0.15295,True
0.95,0.15,0.05,15.0,0.1353211,0.31628,0.2837,0.34249,True
0.95,0.15,0.05,30.0,0.1353211,0.30752,0.27713,0.33281,True
0.95,0.15,0.05,60.0,0.1353211,0.29401,0.26664,0.31681,True
0.95,0.15,0.125,15.0,0.1353211,0.232,0.20354,0.25827,True
0.95,0.15,0.125,30.0,0.1353211,0.22685,0.20011,0.25024,True
0.95,0.15,0.125,60.0,0.1353211,0.2218,0.19636,0.24206,True
0.95,0.15,0.2,15.0,0.1353211,0.18908,0.16321,0.21463,True
0.95,0.15,0.2,30.0,0.1353211,0.18465,0.16075,0.20814,True
0.95,0.15,0.2,60.0,0.1353211,0.17975,0.15753,0.20117,True
0.95,0.25,0.05,15.0,0.18693009,0.34367,0.31225,0.37311,True
0.95,0.25,0.05,30.0,0.18693009,0.33625,0.30621,0.36317,True
0.95,0.25,0.05,60.0,0.1353211,0.33333,0.30533,0.35698,True
0.95,0.25,0.125,15.0,0.18693009,0.25669,0.2273,0.28303,True
0.95,0.25,0.125,30.0,0.18693009,0.24986,0.22249,0.27434,True
0.95,0.25,0.125,60.0,0.1353211,0.25246,0.22605,0.27705,True
0.95,0.25,0.2,15.0,0.18693009,0.20474,0.17831,0.22991,True
0.95,0.25,0.2,30.0,0.18693009,0.19984,0.17517,0.2232,True
0.95,0.25,0.2,60.0,0.1353211,0.20437,0.18091,0.22408,True
