m,a,e,c_h,two-lane+A2 (ours),single-lane B (headline pick),single-lane A,blocklist-only,approve-all,delta_headline_minus_ours_per_1k,delta_pct_of_volume
0.05,0.05,0.6,15.0,92350.0,94721.0,124906.0,333926.0,514906.0,29.7,0.022
0.05,0.05,0.6,30.0,97039.0,98694.0,130733.0,362156.0,557056.0,20.7,0.015
0.05,0.05,0.6,60.0,103924.0,106781.0,141210.0,418616.0,641356.0,35.7,0.026
0.05,0.05,0.775,15.0,71097.0,69879.0,91609.0,333926.0,514906.0,-15.2,-0.011
0.05,0.05,0.775,30.0,73342.0,72509.0,96098.0,362156.0,557056.0,-10.4,-0.008
0.05,0.05,0.775,60.0,78155.0,78231.0,103557.0,418616.0,641356.0,1.0,0.001
0.05,0.05,0.95,15.0,36417.0,32257.0,45392.0,333926.0,514906.0,-52.0,-0.039
0.05,0.05,0.95,30.0,37555.0,33348.0,47585.0,362156.0,557056.0,-52.6,-0.039
0.05,0.05,0.95,60.0,39625.0,35490.0,50676.0,418616.0,641356.0,-51.7,-0.038
0.05,0.125,0.6,15.0,105438.0,111065.0,139501.0,333926.0,514906.0,70.4,0.052
0.05,0.125,0.6,30.0,110280.0,114259.0,147853.0,362156.0,557056.0,49.8,0.037
0.05,0.125,0.6,60.0,118675.0,124239.0,158225.0,418616.0,641356.0,69.6,0.052
0.05,0.125,0.775,15.0,85543.0,87805.0,113523.0,333926.0,514906.0,28.3,0.021
0.05,0.125,0.775,30.0,88540.0,91193.0,117848.0,362156.0,557056.0,33.2,0.025
0.05,0.125,0.775,60.0,94730.0,97600.0,126674.0,418616.0,641356.0,35.9,0.027
0.05,0.125,0.95,15.0,54923.0,52665.0,71913.0,333926.0,514906.0,-28.2,-0.021
0.05,0.125,0.95,30.0,56700.0,54402.0,74543.0,362156.0,557056.0,-28.7,-0.021
0.05,0.125,0.95,60.0,59563.0,57643.0,79783.0,418616.0,641356.0,-24.0,-0.018
0.05,0.2,0.6,15.0,114237.0,118551.0,148627.0,333926.0,514906.0,54.0,0.04
0.05,0.2,0.6,30.0,119626.0,123678.0,154043.0,362156.0,557056.0,50.7,0.038
0.05,0.2,0.6,60.0,127769.0,133501.0,165338.0,418616.0,641356.0,71.7,0.053
0.05,0.2,0.775,15.0,94236.0,98421.0,124261.0,333926.0,514906.0,52.3,0.039
0.05,0.2,0.775,30.0,98087.0,102559.0,130451.0,362156.0,557056.0,55.9,0.041
0.05,0.2,0.775,60.0,102691.0,108808.0,141200.0,418616.0,641356.0,76.5,0.057
0.05,0.2,0.95,15.0,65540.0,68212.0,87142.0,333926.0,514906.0,33.4,0.025
0.05,0.2,0.95,30.0,68336.0,69035.0,91145.0,362156.0,557056.0,8.7,0.006
0.05,0.2,0.95,60.0,73387.0,73794.0,98605.0,418616.0,641356.0,5.1,0.004
0.15,0.05,0.6,15.0,138952.0,140653.0,185594.0,339872.0,514906.0,21.3,0.016
0.15,0.05,0.6,30.0,147833.0,148336.0,196022.0,368102.0,557056.0,6.3,0.005
0.15,0.05,0.6,60.0,158785.0,160211.0,215399.0,424562.0,641356.0,17.8,0.013
0.15,0.05,0.775,15.0,108754.0,105336.0,140278.0,339872.0,514906.0,-42.7,-0.032
0.15,0.05,0.775,30.0,113633.0,109731.0,147949.0,368102.0,557056.0,-48.8,-0.036
0.15,0.05,0.775,60.0,123100.0,119227.0,162347.0,424562.0,641356.0,-48.4,-0.036
0.15,0.05,0.95,15.0,69374.0,62151.0,82429.0,339872.0,514906.0,-90.3,-0.067
0.15,0.05,0.95,30.0,70832.0,64373.0,86584.0,368102.0,557056.0,-80.8,-0.06
0.15,0.05,0.95,60.0,74933.0,67643.0,92710.0,424562.0,641356.0,-91.2,-0.068
0.15,0.125,0.6,15.0,160698.0,160647.0,215132.0,339872.0,514906.0,-0.6,-0.0
0.15,0.125,0.6,30.0,169371.0,168655.0,226429.0,368102.0,557056.0,-9.0,-0.007
0.15,0.125,0.6,60.0,183588.0,185034.0,244838.0,424562.0,641356.0,18.1,0.013
0.15,0.125,0.775,15.0,132985.0,129963.0,170891.0,339872.0,514906.0,-37.8,-0.028
0.15,0.125,0.775,30.0,139458.0,136119.0,180354.0,368102.0,557056.0,-41.8,-0.031
0.15,0.125,0.775,60.0,153585.0,147626.0,196791.0,424562.0,641356.0,-74.5,-0.055
0.15,0.125,0.95,15.0,99918.0,92924.0,117851.0,339872.0,514906.0,-87.5,-0.065
0.15,0.125,0.95,30.0,104103.0,96861.0,123207.0,368102.0,557056.0,-90.6,-0.067
0.15,0.125,0.95,60.0,111905.0,102580.0,133846.0,424562.0,641356.0,-116.6,-0.086
0.15,0.2,0.6,15.0,182053.0,176918.0,240780.0,339872.0,514906.0,-64.2,-0.048
0.15,0.2,0.6,30.0,191793.0,185036.0,252719.0,368102.0,557056.0,-84.5,-0.063
0.15,0.2,0.6,60.0,207517.0,202548.0,271207.0,424562.0,641356.0,-62.1,-0.046
0.15,0.2,0.775,15.0,148526.0,150091.0,199735.0,339872.0,514906.0,19.6,0.015
0.15,0.2,0.775,30.0,155423.0,156140.0,209262.0,368102.0,557056.0,9.0,0.007
0.15,0.2,0.775,60.0,169624.0,166602.0,226367.0,424562.0,641356.0,-37.8,-0.028
0.15,0.2,0.95,15.0,115972.0,111217.0,148697.0,339872.0,514906.0,-59.5,-0.044
0.15,0.2,0.95,30.0,120658.0,116170.0,154498.0,368102.0,557056.0,-56.1,-0.042
0.15,0.2,0.95,60.0,130026.0,125472.0,165565.0,424562.0,641356.0,-57.0,-0.042
0.25,0.05,0.6,15.0,168108.0,161738.0,214474.0,345817.0,514906.0,-79.7,-0.059
0.25,0.05,0.6,30.0,176645.0,168597.0,227721.0,374047.0,557056.0,-100.7,-0.075
0.25,0.05,0.6,60.0,194064.0,184518.0,250930.0,430507.0,641356.0,-119.4,-0.088
0.25,0.05,0.775,15.0,131941.0,125532.0,165934.0,345817.0,514906.0,-80.2,-0.059
0.25,0.05,0.775,30.0,138237.0,132452.0,175178.0,374047.0,557056.0,-72.4,-0.054
0.25,0.05,0.775,60.0,150035.0,144998.0,193344.0,430507.0,641356.0,-63.0,-0.047
0.25,0.05,0.95,15.0,91147.0,81925.0,101848.0,345817.0,514906.0,-115.3,-0.085
0.25,0.05,0.95,30.0,94063.0,84736.0,107535.0,374047.0,557056.0,-116.7,-0.086
0.25,0.05,0.95,60.0,99246.0,90225.0,118106.0,430507.0,641356.0,-112.8,-0.084
0.25,0.125,0.6,15.0,196293.0,188650.0,259815.0,345817.0,514906.0,-95.6,-0.071
0.25,0.125,0.6,30.0,206647.0,198150.0,275255.0,374047.0,557056.0,-106.3,-0.079
0.25,0.125,0.6,60.0,226795.0,218250.0,299584.0,430507.0,641356.0,-106.9,-0.079
0.25,0.125,0.775,15.0,164224.0,163339.0,217619.0,345817.0,514906.0,-11.1,-0.008
0.25,0.125,0.775,30.0,172187.0,170926.0,228894.0,374047.0,557056.0,-15.8,-0.012
0.25,0.125,0.775,60.0,188149.0,184140.0,244631.0,430507.0,641356.0,-50.1,-0.037
0.25,0.125,0.95,15.0,127599.0,117541.0,153046.0,345817.0,514906.0,-125.8,-0.093
0.25,0.125,0.95,30.0,133925.0,122676.0,159908.0,374047.0,557056.0,-140.7,-0.104
0.25,0.125,0.95,60.0,144492.0,131870.0,171832.0,430507.0,641356.0,-157.9,-0.117
0.25,0.2,0.6,15.0,207377.0,208260.0,282967.0,345817.0,514906.0,11.0,0.008
0.25,0.2,0.6,30.0,219089.0,220567.0,297875.0,374047.0,557056.0,18.5,0.014
0.25,0.2,0.6,60.0,241960.0,239878.0,324716.0,430507.0,641356.0,-26.0,-0.019
0.25,0.2,0.775,15.0,186068.0,183503.0,252445.0,345817.0,514906.0,-32.1,-0.024
0.25,0.2,0.775,30.0,194610.0,192025.0,263185.0,374047.0,557056.0,-32.3,-0.024
0.25,0.2,0.775,60.0,210052.0,208318.0,284686.0,430507.0,641356.0,-21.7,-0.016
0.25,0.2,0.95,15.0,157796.0,144952.0,197608.0,345817.0,514906.0,-160.6,-0.119
0.25,0.2,0.95,30.0,165385.0,150619.0,206462.0,374047.0,557056.0,-184.7,-0.137
0.25,0.2,0.95,60.0,177915.0,162969.0,222277.0,430507.0,641356.0,-186.9,-0.139
