m,a,e,c_h,cost_policy,cost_fixed_threshold,cost_amount_blind,cost_headline_B_system,cost_trivial,trivial,savings_vs_trivial,gap_vs_fixed,gap_vs_amount_blind,delta_headline_minus_ours_per_1k_txn,mix_approve,mix_stepup,mix_block
0.05,0.05,0.6,15.0,86686.0,123946.0,87658.0,86999.0,514906.0,approve-all,0.8316,0.0724,0.0019,3.9,0.504,0.446,0.049
0.05,0.05,0.6,30.0,90479.0,128506.0,91135.0,90588.0,515790.0,block-all,0.8246,0.0737,0.0013,1.4,0.459,0.484,0.056
0.05,0.05,0.6,60.0,96448.0,137626.0,98671.0,97802.0,515790.0,block-all,0.813,0.0798,0.0043,16.9,0.421,0.51,0.069
0.05,0.05,0.775,15.0,66314.0,123946.0,65795.0,63963.0,514906.0,approve-all,0.8712,0.1119,-0.001,-29.4,0.439,0.524,0.037
0.05,0.05,0.775,30.0,68706.0,128506.0,68990.0,66379.0,515790.0,block-all,0.8668,0.1159,0.0005,-29.1,0.41,0.549,0.041
0.05,0.05,0.775,60.0,73007.0,137626.0,74081.0,71439.0,515790.0,block-all,0.8585,0.1253,0.0021,-19.6,0.39,0.562,0.048
0.05,0.05,0.95,15.0,34419.0,123946.0,34540.0,29155.0,514906.0,approve-all,0.9332,0.1739,0.0002,-65.8,0.394,0.593,0.014
0.05,0.05,0.95,30.0,35385.0,128506.0,35723.0,30090.0,515790.0,block-all,0.9314,0.1805,0.0007,-66.2,0.39,0.595,0.015
0.05,0.05,0.95,60.0,37207.0,137626.0,37552.0,31982.0,515790.0,block-all,0.9279,0.1947,0.0007,-65.3,0.372,0.61,0.018
0.05,0.125,0.6,15.0,99721.0,123946.0,100226.0,103141.0,514906.0,approve-all,0.8063,0.047,0.001,42.8,0.694,0.253,0.052
0.05,0.125,0.6,30.0,103870.0,128506.0,106036.0,106458.0,515790.0,block-all,0.7986,0.0478,0.0042,32.4,0.668,0.272,0.06
0.05,0.125,0.6,60.0,111428.0,137626.0,117275.0,114434.0,515790.0,block-all,0.784,0.0508,0.0113,37.6,0.624,0.303,0.073
0.05,0.125,0.775,15.0,80746.0,123946.0,82107.0,82283.0,514906.0,approve-all,0.8432,0.0839,0.0026,19.2,0.658,0.304,0.039
0.05,0.125,0.775,30.0,83707.0,128506.0,87050.0,85301.0,515790.0,block-all,0.8377,0.0869,0.0065,19.9,0.629,0.329,0.043
0.05,0.125,0.775,60.0,89481.0,137626.0,92678.0,91035.0,515790.0,block-all,0.8265,0.0933,0.0062,19.4,0.57,0.379,0.051
0.05,0.125,0.95,15.0,53080.0,123946.0,53882.0,49696.0,514906.0,approve-all,0.8969,0.1376,0.0016,-42.3,0.626,0.359,0.014
0.05,0.125,0.95,30.0,54661.0,128506.0,55226.0,51346.0,515790.0,block-all,0.894,0.1432,0.0011,-41.5,0.587,0.398,0.016
0.05,0.125,0.95,60.0,57278.0,137626.0,60965.0,54239.0,515790.0,block-all,0.889,0.1558,0.0071,-38.0,0.523,0.458,0.018
0.05,0.2,0.6,15.0,107551.0,123946.0,107969.0,111032.0,514906.0,approve-all,0.7911,0.0318,0.0008,43.5,0.805,0.138,0.057
0.05,0.2,0.6,30.0,112604.0,128506.0,111140.0,115754.0,515790.0,block-all,0.7817,0.0308,-0.0028,39.4,0.776,0.161,0.063
0.05,0.2,0.6,60.0,120239.0,137626.0,128100.0,124042.0,515790.0,block-all,0.7669,0.0337,0.0152,47.6,0.725,0.198,0.077
0.05,0.2,0.775,15.0,89536.0,123946.0,90288.0,92708.0,514906.0,approve-all,0.8261,0.0668,0.0015,39.7,0.753,0.207,0.041
0.05,0.2,0.775,30.0,93297.0,128506.0,97713.0,96712.0,515790.0,block-all,0.8191,0.0683,0.0086,42.7,0.716,0.239,0.045
0.05,0.2,0.775,60.0,97656.0,137626.0,108118.0,101783.0,515790.0,block-all,0.8107,0.0775,0.0203,51.6,0.67,0.276,0.053
0.05,0.2,0.95,15.0,63727.0,123946.0,66416.0,65303.0,514906.0,approve-all,0.8762,0.117,0.0052,19.7,0.698,0.288,0.015
0.05,0.2,0.95,30.0,66361.0,128506.0,71355.0,66087.0,515790.0,block-all,0.8713,0.1205,0.0097,-3.4,0.671,0.313,0.016
0.05,0.2,0.95,60.0,71006.0,137626.0,77112.0,70550.0,515790.0,block-all,0.8623,0.1292,0.0118,-5.7,0.624,0.356,0.019
0.15,0.05,0.6,15.0,133024.0,186003.0,135988.0,128479.0,514906.0,approve-all,0.7417,0.1029,0.0058,-56.8,0.75,0.229,0.02
0.15,0.05,0.6,30.0,139995.0,195378.0,142760.0,135099.0,557056.0,approve-all,0.7487,0.0994,0.005,-61.2,0.712,0.264,0.025
0.15,0.05,0.6,60.0,150300.0,214128.0,156983.0,145304.0,641356.0,approve-all,0.7657,0.0995,0.0104,-62.5,0.663,0.306,0.031
0.15,0.05,0.775,15.0,101447.0,186003.0,101511.0,94965.0,514906.0,approve-all,0.803,0.1642,0.0001,-81.1,0.687,0.297,0.016
0.15,0.05,0.775,30.0,105888.0,195378.0,107909.0,99118.0,557056.0,approve-all,0.8099,0.1606,0.0036,-84.7,0.66,0.322,0.018
0.15,0.05,0.775,60.0,114019.0,214128.0,117726.0,107546.0,641356.0,approve-all,0.8222,0.1561,0.0058,-81.0,0.61,0.368,0.022
0.15,0.05,0.95,15.0,64492.0,186003.0,65602.0,56930.0,514906.0,approve-all,0.8748,0.236,0.0022,-94.6,0.654,0.335,0.011
0.15,0.05,0.95,30.0,65619.0,195378.0,68623.0,58599.0,557056.0,approve-all,0.8822,0.2329,0.0054,-87.8,0.624,0.365,0.012
0.15,0.05,0.95,60.0,69573.0,214128.0,71932.0,61711.0,641356.0,approve-all,0.8915,0.2254,0.0037,-98.3,0.567,0.421,0.012
0.15,0.125,0.6,15.0,155235.0,186003.0,155582.0,148457.0,514906.0,approve-all,0.6985,0.0598,0.0007,-84.8,0.867,0.111,0.022
0.15,0.125,0.6,30.0,162715.0,195378.0,164003.0,155713.0,557056.0,approve-all,0.7079,0.0586,0.0023,-87.6,0.852,0.121,0.027
0.15,0.125,0.6,60.0,176613.0,214128.0,177583.0,169690.0,641356.0,approve-all,0.7246,0.0585,0.0015,-86.6,0.823,0.144,0.033
0.15,0.125,0.775,15.0,126942.0,186003.0,127248.0,120012.0,514906.0,approve-all,0.7535,0.1147,0.0006,-86.7,0.844,0.139,0.016
0.15,0.125,0.775,30.0,133311.0,195378.0,133522.0,125816.0,557056.0,approve-all,0.7607,0.1114,0.0004,-93.7,0.827,0.154,0.018
0.15,0.125,0.775,60.0,145197.0,214128.0,144389.0,136570.0,641356.0,approve-all,0.7736,0.1075,-0.0013,-107.9,0.791,0.187,0.023
0.15,0.125,0.95,15.0,95179.0,186003.0,93656.0,87900.0,514906.0,approve-all,0.8152,0.1764,-0.003,-91.0,0.83,0.159,0.011
0.15,0.125,0.95,30.0,99248.0,195378.0,98123.0,91319.0,557056.0,approve-all,0.8218,0.1726,-0.002,-99.2,0.803,0.185,0.012
0.15,0.125,0.95,60.0,106857.0,214128.0,104583.0,96914.0,641356.0,approve-all,0.8334,0.1673,-0.0035,-124.4,0.753,0.234,0.013
0.15,0.2,0.6,15.0,174380.0,186003.0,170643.0,164004.0,514906.0,approve-all,0.6613,0.0226,-0.0073,-129.8,0.905,0.071,0.024
0.15,0.2,0.6,30.0,183368.0,195378.0,176408.0,171228.0,557056.0,approve-all,0.6708,0.0216,-0.0125,-151.8,0.89,0.081,0.029
0.15,0.2,0.6,60.0,198489.0,214128.0,190079.0,186927.0,641356.0,approve-all,0.6905,0.0244,-0.0131,-144.6,0.866,0.098,0.036
0.15,0.2,0.775,15.0,142871.0,186003.0,142882.0,140366.0,514906.0,approve-all,0.7225,0.0838,0.0,-31.3,0.875,0.108,0.017
0.15,0.2,0.775,30.0,149340.0,195378.0,149747.0,145841.0,557056.0,approve-all,0.7319,0.0826,0.0007,-43.8,0.865,0.116,0.019
0.15,0.2,0.775,60.0,162048.0,214128.0,165260.0,155448.0,641356.0,approve-all,0.7473,0.0812,0.005,-82.5,0.845,0.132,0.024
0.15,0.2,0.95,15.0,112263.0,186003.0,112503.0,106293.0,514906.0,approve-all,0.782,0.1432,0.0005,-74.7,0.868,0.121,0.011
0.15,0.2,0.95,30.0,116808.0,195378.0,118632.0,111137.0,557056.0,approve-all,0.7903,0.141,0.0033,-70.9,0.853,0.135,0.012
0.15,0.2,0.95,60.0,126309.0,214128.0,127506.0,120021.0,641356.0,approve-all,0.8031,0.1369,0.0019,-78.6,0.824,0.164,0.013
0.25,0.05,0.6,15.0,156161.0,221426.0,156090.0,144328.0,514906.0,approve-all,0.6967,0.1268,-0.0001,-148.0,0.833,0.15,0.016
0.25,0.05,0.6,30.0,164297.0,231746.0,163356.0,150617.0,557056.0,approve-all,0.7051,0.1211,-0.0017,-171.1,0.809,0.173,0.018
0.25,0.05,0.6,60.0,179280.0,252386.0,177869.0,165027.0,641356.0,approve-all,0.7205,0.114,-0.0022,-178.3,0.765,0.213,0.022
0.25,0.05,0.775,15.0,122431.0,221426.0,120286.0,113000.0,514906.0,approve-all,0.7622,0.1923,-0.0042,-118.0,0.801,0.185,0.013
0.25,0.05,0.775,30.0,128211.0,231746.0,126098.0,118722.0,557056.0,approve-all,0.7698,0.1859,-0.0038,-118.7,0.768,0.217,0.015
0.25,0.05,0.775,60.0,137537.0,252386.0,143283.0,128057.0,641356.0,approve-all,0.7856,0.1791,0.009,-118.6,0.717,0.266,0.017
0.25,0.05,0.95,15.0,84625.0,221426.0,85240.0,73639.0,514906.0,approve-all,0.8357,0.2657,0.0012,-137.4,0.761,0.23,0.009
0.25,0.05,0.95,30.0,87101.0,231746.0,92219.0,76301.0,557056.0,approve-all,0.8436,0.2597,0.0092,-135.1,0.724,0.266,0.01
0.25,0.05,0.95,60.0,89719.0,252386.0,100326.0,81026.0,641356.0,approve-all,0.8601,0.2536,0.0165,-108.7,0.674,0.315,0.011
0.25,0.125,0.6,15.0,185672.0,221426.0,185663.0,171693.0,514906.0,approve-all,0.6394,0.0694,-0.0,-174.8,0.908,0.075,0.017
0.25,0.125,0.6,30.0,195232.0,231746.0,191040.0,180209.0,557056.0,approve-all,0.6495,0.0655,-0.0075,-187.9,0.893,0.088,0.019
0.25,0.125,0.6,60.0,212949.0,252386.0,208687.0,198765.0,641356.0,approve-all,0.668,0.0615,-0.0066,-177.4,0.871,0.106,0.023
0.25,0.125,0.775,15.0,155808.0,221426.0,152526.0,148142.0,514906.0,approve-all,0.6974,0.1274,-0.0064,-95.9,0.879,0.108,0.014
0.25,0.125,0.775,30.0,162395.0,231746.0,160812.0,155018.0,557056.0,approve-all,0.7085,0.1245,-0.0028,-92.3,0.868,0.117,0.015
0.25,0.125,0.775,60.0,176950.0,252386.0,176534.0,167548.0,641356.0,approve-all,0.7241,0.1176,-0.0006,-117.6,0.847,0.135,0.017
0.25,0.125,0.95,15.0,121258.0,221426.0,121340.0,109490.0,514906.0,approve-all,0.7645,0.1945,0.0002,-147.2,0.87,0.121,0.01
0.25,0.125,0.95,30.0,125704.0,231746.0,128034.0,114532.0,557056.0,approve-all,0.7743,0.1904,0.0042,-139.7,0.856,0.134,0.01
0.25,0.125,0.95,60.0,135659.0,252386.0,136693.0,123338.0,641356.0,approve-all,0.7885,0.182,0.0016,-154.1,0.828,0.161,0.011
0.25,0.2,0.6,15.0,197304.0,221426.0,197275.0,192454.0,514906.0,approve-all,0.6168,0.0468,-0.0001,-60.7,0.94,0.043,0.017
0.25,0.2,0.6,30.0,207695.0,231746.0,208947.0,203323.0,557056.0,approve-all,0.6272,0.0432,0.0022,-54.7,0.93,0.05,0.02
0.25,0.2,0.6,60.0,227461.0,252386.0,232473.0,220199.0,641356.0,approve-all,0.6453,0.0389,0.0078,-90.8,0.911,0.065,0.025
0.25,0.2,0.775,15.0,177553.0,221426.0,177292.0,168267.0,514906.0,approve-all,0.6552,0.0852,-0.0005,-116.1,0.927,0.059,0.014
0.25,0.2,0.775,30.0,185038.0,231746.0,186576.0,176294.0,557056.0,approve-all,0.6678,0.0838,0.0028,-109.4,0.913,0.072,0.015
0.25,0.2,0.775,60.0,199428.0,252386.0,199984.0,191251.0,641356.0,approve-all,0.6891,0.0826,0.0009,-102.3,0.891,0.091,0.018
0.25,0.2,0.95,15.0,151975.0,221426.0,151842.0,136431.0,514906.0,approve-all,0.7048,0.1349,-0.0003,-194.4,0.908,0.082,0.01
0.25,0.2,0.95,30.0,158714.0,231746.0,152053.0,142165.0,557056.0,approve-all,0.7151,0.1311,-0.012,-207.0,0.894,0.095,0.011
0.25,0.2,0.95,60.0,171215.0,252386.0,162676.0,154212.0,641356.0,approve-all,0.733,0.1266,-0.0133,-212.7,0.872,0.116,0.011
